,acc,auc,modalities,y_pred_all,y_true_all
0,0.6842105263157895,0.6801075268817205,"EEG-Stim,EEG-Cue,Pupil","[ 0.5032688   0.50560807  0.50498179  0.50429698  0.50364852  0.50543855
  0.50554996  0.50645914  0.50153791  0.50109886  0.53879652  0.60264598
  0.6046435   0.5209245   0.5375655   0.62574378  0.4907083   0.5428432
  0.30782136  0.38847586  0.49988973  0.50069847  0.50056666  0.50016345
  0.49763305  0.49945863  0.49656792  0.4952673   0.49351984  0.49482253
  0.57857132  0.46603703  0.56091635  0.48914512  0.5316574   0.4491821
  0.57166441  0.43260865  0.55086478  0.48996455  0.80951341  0.71912116
  0.6688036   0.9247261   0.5544756   0.5485026   0.80233488  0.84249738
  0.3328192   0.14895385  0.65951028  0.67976322  0.61984881  0.47112299
  0.51576621  0.27859071  0.41232457  0.08265929  0.39035833  0.63439136
  0.86106656  0.73868463  0.76564226  0.89279218  0.78978421  0.61093979
  0.61702679  0.60709484  0.40050091  0.32109146  0.43488192  0.39150367
  0.40411957  0.23988239  0.41666675  0.29148156  0.31273069  0.49747815
  0.49751634  0.49762906  0.49668383  0.4994116   0.49898638  0.49620683
  0.49468723  0.49602232  0.50238937  0.50005761  0.50277621  0.50559652
  0.49899642  0.50572313  0.50325775  0.50191528  0.5013735 ]","[0 0 1 1 1 1 1 1 1 0 1 1 1 1 1 1 1 1 0 0 0 1 1 1 1 1 1 0 0 0 0 0 0 1 1 1 1
 0 0 0 1 1 1 1 1 1 1 1 0 0 1 1 1 1 1 1 1 0 0 0 1 1 1 1 1 1 1 0 0 1 1 1 1 0
 0 0 0 0 1 1 1 1 1 0 0 0 0 0 1 1 1 1 1 1 0]"
1,0.8404255319148937,0.8410526315789473,"EEG-Stim,EEG-Cue,Pupil","[ 0.74657451  0.79692981  0.6360364   0.75058777  0.74918448  0.86553337
  0.61767452  0.61429739  0.30355824  0.68458229  0.25716466  0.69127239
  0.47729588  0.55710981  0.70453507  0.61341775  0.63317142  0.76730215
  0.42299089  0.10970896  0.88015159  0.81698009  0.49532465  0.38644845
  0.75582374  0.70793492  0.59292771  0.41854406  0.4486474   0.37537548
  0.63788166  0.33123729  0.61529498  0.45747767  0.82328297  0.50282905
  0.61784085  0.04240592  0.22459887  0.1100252   0.55076051  0.54211404
  0.5938246   0.55075583  0.58025853  0.55042891  0.55244781  0.55256996
  0.39512879  0.6572502   0.57131343  0.73972482  0.68081524  0.61095092
  0.38227546  0.61265136  0.19050297  0.20825852  0.71230049  0.62836041
  0.93354343  0.71772459  0.88371531  0.85029602  0.80008127  0.88288869
  0.29527318  0.88113326  0.88554477  0.98686608  0.39681754  0.90916339
  0.90461609  0.02386609  0.15036177  0.18848846  0.45158933  0.570673
  0.52659423  0.35935344  0.69950739  0.63518432  0.63805454  0.10618576
  0.17233854  0.85265707  0.87376905  0.71464492  0.79478704  0.73380656
  0.6201017   0.62164107  0.80981218  0.95640335]","[1 1 1 1 1 1 1 1 0 0 1 1 1 1 1 1 1 1 1 0 1 1 1 1 1 1 1 1 0 0 1 1 1 1 1 1 1
 0 0 0 1 1 1 1 1 1 1 1 0 1 1 1 1 1 1 1 0 0 1 1 1 1 1 1 1 1 0 1 1 1 1 1 1 0
 0 0 1 1 1 1 1 1 0 0 0 1 1 1 1 1 1 1 1 0]"
2,0.7857142857142857,0.7961876832844574,"EEG-Stim,EEG-Cue,Pupil","[ 0.35762471  0.38158613  0.33111789  0.36407089  0.37265168  0.26161385
  0.21420594  0.35389685  0.29200779  0.83397291  0.63799623  0.75652423
  0.85330783  0.85488822  0.67232821  0.51365362  0.61835549  0.60010608
  0.54089833  0.74361486  0.53064183  0.58439136  0.67117304  0.86301399
  0.6598892   0.32534046  0.17039141  0.65980486  0.89351888  0.55757087
  0.35551225  0.53747862  0.70868431  0.61580116  0.36613912  0.22560707
  0.54480236  0.79661683  0.83738863  0.86494928  0.81175568  0.48024703
  0.55938616  0.06664433  0.65100759  0.85975696  0.62634693  0.84870621
  0.82248781  0.8106827   0.76624037  0.63633431  0.77575774  0.39091873
  0.86136608  0.62569358  0.82081575  0.58594734  0.67058615  0.29547517
  0.4180371   0.43995665  0.39459338  0.48260482  0.36831528  0.32963349
  0.36916472  0.29161566  0.81379234  0.56535967  0.58307336  0.35431169
  0.46539857  0.68123183  0.17700195  0.1073099   0.55319287  0.56161474
  0.56455582  0.5430874   0.54604393  0.66969403  0.46338849  0.3764855 ]","[1 1 1 1 0 0 0 0 0 1 1 1 1 1 1 1 1 1 1 1 1 1 1 1 1 1 0 1 1 1 1 1 1 1 0 0 1
 1 1 1 1 1 0 0 1 1 1 1 1 1 1 0 1 1 1 1 1 1 0 0 1 1 1 1 0 0 0 0 1 1 1 1 1 0
 0 0 1 1 1 1 1 1 0 0]"
3,0.7611940298507462,0.7817647058823529,"EEG-Stim,EEG-Cue,Pupil","[  4.07467704e-01   7.22285450e-01   6.16774977e-01   5.74116995e-01
   8.30031097e-02   1.30952420e-01   5.34821295e-01   9.99727068e-01
   9.42162602e-01   6.17865715e-01   9.72055633e-01   9.97265183e-01
   9.09623826e-01   4.51876738e-04   9.93892797e-01   9.99145267e-01
   9.91381903e-01   1.12433292e-04   9.99999916e-01   6.23186892e-01
   9.99910037e-01   5.52324085e-01   4.74136951e-01   8.66397838e-01
   4.85839498e-01   7.31798670e-01   7.85441678e-01   1.53940035e-01
   6.25896302e-01   7.57698143e-01   3.65937426e-01   5.37111401e-01
   1.91801070e-01   5.42052110e-01   2.28733325e-01   3.79526759e-01
   4.78111467e-01   3.98042248e-01   6.20668928e-01   2.42634112e-01
   4.00912836e-01   3.85654193e-01   7.57725223e-01   3.53053227e-01
   5.30429076e-01   2.84978540e-01   4.56693426e-02   4.55150970e-02
   1.42658176e-01   9.99999890e-01   9.99730140e-01   9.99849231e-01
   9.99999404e-01   7.00907612e-01   9.93634917e-01   7.56319204e-01
   4.03162535e-01   9.83134205e-01   9.96352252e-01   1.67552809e-02
   1.01925929e-01   4.99815026e-01   5.02122357e-01   5.03487713e-01
   5.00055535e-01   5.05037118e-01   4.98349483e-01]","[1 1 1 1 0 0 0 1 1 1 1 1 1 0 1 1 1 1 1 1 1 1 1 1 1 1 1 0 1 1 1 1 1 1 0 1 1
 1 1 0 0 0 1 1 1 1 0 0 0 1 1 1 1 0 0 1 1 1 1 0 0 1 1 1 1 1 0]"
4,0.6181818181818182,0.7857142857142857,"EEG-Stim,EEG-Cue,Pupil","[ 0.5061518   0.50143524  0.50152674  0.49704358  0.49461431  0.49849255
  0.50447025  0.50323564  0.49435229  0.49629329  0.50217899  0.48716501
  0.50562979  0.49791363  0.50252853  0.49766495  0.50714806  0.50314012
  0.51017722  0.50550221  0.50356422  0.50486315  0.50612882  0.5047431
  0.49952423  0.50115596  0.49883855  0.49999038  0.50039496  0.49869625
  0.02061343  0.12989833  0.00471684  0.23730275  0.20266612  0.48446756
  0.48884277  0.48185083  0.47419434  0.48102051  0.50130687  0.50065959
  0.49983758  0.50081211  0.49924908  0.50021325  0.49925078  0.50063343
  0.5005675   0.50007004  0.49656284  0.50162865  0.51305555  0.50256716
  0.49532809]","[1 1 1 1 1 0 1 1 1 1 1 1 1 1 1 1 1 1 1 1 1 1 1 1 1 1 1 1 1 0 1 1 1 0 0 1 1
 1 1 0 1 1 1 1 0 1 1 1 1 1 1 1 1 1 1]"
0,0.6947368421052632,0.6952590420332356,"EEG-Stim,EEG-Cue,Pupil,RT","[  5.86917030e-01   6.78144975e-01   6.41610064e-01   6.29794429e-01
   6.08874217e-01   6.72695582e-01   6.75065647e-01   6.97693194e-01
   5.24380786e-01   4.93486020e-01   5.44139039e-01   9.99999969e-01
   9.99991314e-01   6.03502369e-01   1.59805104e-01   9.99999818e-01
   7.08565710e-03   6.19974263e-01   4.03510096e-02   5.54663678e-05
   4.99877009e-01   5.00704319e-01   5.00569850e-01   5.00131419e-01
   4.97626620e-01   4.99460759e-01   4.96552921e-01   4.95221306e-01
   4.93524070e-01   4.94823941e-01   5.78627944e-01   4.65181254e-01
   5.60497867e-01   4.89219566e-01   5.32191069e-01   4.48668383e-01
   5.71967574e-01   4.33852012e-01   5.50288263e-01   4.89863018e-01
   6.04735761e-01   5.77402707e-01   5.59964102e-01   6.78687354e-01
   5.14692764e-01   5.12416300e-01   5.90805991e-01   6.01251514e-01
   4.16896512e-01   3.83994045e-01   5.95050436e-01   5.72365307e-01
   5.41732051e-01   4.71304034e-01   5.03704040e-01   4.52534285e-01
   4.32655551e-01   3.00335843e-01   4.16142910e-01   5.03003011e-01
   5.04470961e-01   5.02025671e-01   5.03758990e-01   5.05072685e-01
   5.03572048e-01   5.03164833e-01   5.01788682e-01   5.01412091e-01
   3.38530869e-01   1.78051201e-01   5.64182551e-01   3.14592049e-01
   4.06593335e-01   8.26784891e-02   5.65841778e-01   1.73677603e-01
   2.28472867e-01   4.83796405e-01   4.84590339e-01   4.85307402e-01
   4.79179277e-01   4.98766414e-01   4.94851061e-01   4.74518894e-01
   4.64368041e-01   4.73127991e-01   6.19772197e-01   1.57976627e-01
   7.59867145e-01   8.77782898e-01   2.79085096e-01   8.90888664e-01
   6.42768089e-01   7.26386042e-01   6.55594501e-01]","[0 0 1 1 1 1 1 1 1 0 1 1 1 1 1 1 1 1 0 0 0 1 1 1 1 1 1 0 0 0 0 0 0 1 1 1 1
 0 0 0 1 1 1 1 1 1 1 1 0 0 1 1 1 1 1 1 1 0 0 0 1 1 1 1 1 1 1 0 0 1 1 1 1 0
 0 0 0 0 1 1 1 1 1 0 0 0 0 0 1 1 1 1 1 1 0]"
1,0.8617021276595744,0.8543859649122807,"EEG-Stim,EEG-Cue,Pupil,RT","[ 0.75332121  0.79054853  0.62768938  0.77577529  0.73072618  0.87653953
  0.60881923  0.67211076  0.26114228  0.68843541  0.28938006  0.68156469
  0.47667732  0.57764917  0.69542587  0.58864782  0.63944713  0.72112546
  0.48536742  0.08909188  0.8589648   0.86220311  0.55346357  0.41041753
  0.73365611  0.65681934  0.57742806  0.41956145  0.47260807  0.36676768
  0.59856011  0.28030099  0.6165049   0.47175662  0.84774168  0.52078881
  0.62328753  0.04513563  0.20384613  0.13636757  0.56767256  0.65077202
  0.7483788   0.63912523  0.72013213  0.69709086  0.7524346   0.58664885
  0.30514846  0.67621879  0.59018504  0.7356094   0.62585066  0.69082896
  0.36689694  0.63086886  0.16530111  0.1808873   0.75054538  0.65875756
  0.9153417   0.7148819   0.86208822  0.85704806  0.79017358  0.8725283
  0.25296431  0.65306723  0.55236657  0.81930723  0.32685929  0.64886449
  0.79699192  0.12284669  0.06274794  0.24261321  0.52303071  0.5988036
  0.53604295  0.33174877  0.67547194  0.64479156  0.59867274  0.08891232
  0.14769155  0.86079665  0.88510471  0.77068675  0.76130119  0.721431
  0.63683718  0.61738889  0.82439204  0.95673945]","[1 1 1 1 1 1 1 1 0 0 1 1 1 1 1 1 1 1 1 0 1 1 1 1 1 1 1 1 0 0 1 1 1 1 1 1 1
 0 0 0 1 1 1 1 1 1 1 1 0 1 1 1 1 1 1 1 0 0 1 1 1 1 1 1 1 1 0 1 1 1 1 1 1 0
 0 0 1 1 1 1 1 1 0 0 0 1 1 1 1 1 1 1 1 0]"
2,0.7619047619047619,0.7800586510263929,"EEG-Stim,EEG-Cue,Pupil,RT","[ 0.3598796   0.38253262  0.32971287  0.37267002  0.36716385  0.25584318
  0.20425538  0.35674355  0.29883249  0.8438909   0.59243383  0.7563226
  0.84271117  0.85773576  0.67813091  0.49592128  0.64519856  0.60162146
  0.54304191  0.6014431   0.49387227  0.54425099  0.59444483  0.65738898
  0.52317372  0.43218595  0.41028513  0.67823625  0.89473558  0.57011702
  0.36197457  0.52591424  0.720987    0.62736891  0.36066244  0.22832196
  0.55813568  0.79842241  0.84495791  0.87233236  0.80027014  0.48900325
  0.54378318  0.06406413  0.60870076  0.86027216  0.63755076  0.84934855
  0.82298933  0.80508966  0.77198309  0.59832702  0.60240495  0.46790074
  0.62090222  0.53488525  0.59198898  0.53834675  0.54924315  0.42267609
  0.4034163   0.4435292   0.39148622  0.48732058  0.36732997  0.31195125
  0.35882861  0.29147303  0.79075501  0.56771569  0.58124644  0.3597062
  0.4814239   0.70025713  0.19182403  0.10964417  0.55616441  0.55137487
  0.56461931  0.54750938  0.54797501  0.67860344  0.45760263  0.3749554 ]","[1 1 1 1 0 0 0 0 0 1 1 1 1 1 1 1 1 1 1 1 1 1 1 1 1 1 0 1 1 1 1 1 1 1 0 0 1
 1 1 1 1 1 0 0 1 1 1 1 1 1 1 0 1 1 1 1 1 1 0 0 1 1 1 1 0 0 0 0 1 1 1 1 1 0
 0 0 1 1 1 1 1 1 0 0]"
3,0.7611940298507462,0.7817647058823529,"EEG-Stim,EEG-Cue,Pupil,RT","[  3.67302375e-01   8.95319945e-01   8.30346646e-01   6.78346591e-01
   2.14928305e-02   5.60731617e-02   6.39921215e-01   9.99995401e-01
   9.80394265e-01   5.01291205e-01   9.93851306e-01   9.99817757e-01
   9.73068721e-01   1.56085992e-05   9.77650974e-01   9.94811327e-01
   9.74468453e-01   1.25376227e-03   9.99996419e-01   6.11043347e-01
   9.98853602e-01   5.03267556e-01   4.93589814e-01   5.33070254e-01
   4.97790730e-01   5.13539664e-01   5.12903125e-01   4.80222206e-01
   6.59676243e-01   7.67153073e-01   3.48204332e-01   5.47323766e-01
   1.76484843e-01   5.20497765e-01   2.41968350e-01   2.14335880e-01
   4.82117423e-01   3.17051148e-01   8.38628000e-01   3.27768019e-02
   2.46500680e-01   2.42052699e-01   5.75311538e-01   4.21544154e-01
   4.79879072e-01   4.08975845e-01   2.75916547e-01   2.55410397e-01
   3.19675080e-01   9.99997581e-01   9.98858142e-01   9.98917268e-01
   9.99991110e-01   5.72100742e-01   9.73602964e-01   6.24501765e-01
   4.77698334e-01   9.20025322e-01   9.72552978e-01   6.61314075e-02
   2.34003140e-01   9.66605628e-01   9.93664349e-01   9.88295573e-01
   7.12512222e-01   9.97310099e-01   4.78164027e-01]","[1 1 1 1 0 0 0 1 1 1 1 1 1 0 1 1 1 1 1 1 1 1 1 1 1 1 1 0 1 1 1 1 1 1 0 1 1
 1 1 0 0 0 1 1 1 1 0 0 0 1 1 1 1 0 0 1 1 1 1 0 0 1 1 1 1 1 0]"
4,0.6363636363636364,0.7959183673469388,"EEG-Stim,EEG-Cue,Pupil,RT","[ 0.5007953   0.50023866  0.50023316  0.4995861   0.49926558  0.4998231
  0.50439271  0.50255991  0.49442488  0.49647776  0.50246545  0.48677767
  0.50515545  0.49747166  0.50190713  0.49828177  0.50778169  0.50331166
  0.51001071  0.50520784  0.50313783  0.50548369  0.50654214  0.50493402
  0.49629085  0.50823099  0.49160144  0.50018479  0.50276343  0.49003875
  0.36250885  0.37979982  0.33878281  0.39410641  0.38343017  0.42299683
  0.44840918  0.42092018  0.36745381  0.40765681  0.50913522  0.50536564
  0.49934922  0.5060407   0.49465951  0.50025827  0.4992232   0.50067127
  0.50054765  0.50009078  0.49623303  0.50194008  0.51254541  0.5022575
  0.49449621]","[1 1 1 1 1 0 1 1 1 1 1 1 1 1 1 1 1 1 1 1 1 1 1 1 1 1 1 1 1 0 1 1 1 0 0 1 1
 1 1 0 1 1 1 1 0 1 1 1 1 1 1 1 1 1 1]"
0,0.7052631578947368,0.689149560117302,"EEG-Stim,EEG-Cue,Pupil,HR","[ 0.58599233  0.67780061  0.64255434  0.63522319  0.60792009  0.67389178
  0.67767192  0.70226666  0.53011049  0.49495044  0.5055436   0.51594257
  0.52069956  0.50300576  0.51058498  0.52537853  0.50135935  0.50954311
  0.46497761  0.48220196  0.54701218  0.55906386  0.58152028  0.55313434
  0.45747824  0.54487127  0.40383055  0.35275236  0.2922898   0.34901955
  0.76736948  0.35697134  0.76137243  0.60057922  0.62740044  0.38096729
  0.75268563  0.47323231  0.70420798  0.59809299  0.606688    0.56939286
  0.56091196  0.68067736  0.51892529  0.5113778   0.5942154   0.60100551
  0.41127257  0.38500322  0.59427734  0.57111891  0.54417089  0.465823
  0.50629806  0.45666413  0.43624347  0.29757058  0.42054498  0.56854541
  0.64346825  0.55933237  0.61290233  0.67206387  0.61760072  0.57654969
  0.53363057  0.51620658  0.49582943  0.49368475  0.49635516  0.4954466
  0.49564326  0.49093276  0.49546866  0.49255798  0.49293924  0.49751968
  0.49744509  0.4975684   0.49674895  0.49941304  0.49912206  0.49609902
  0.49489657  0.49609863  0.50239768  0.50002973  0.50281638  0.50555979
  0.49897353  0.50572035  0.50326629  0.50196075  0.50127202]","[0 0 1 1 1 1 1 1 1 0 1 1 1 1 1 1 1 1 0 0 0 1 1 1 1 1 1 0 0 0 0 0 0 1 1 1 1
 0 0 0 1 1 1 1 1 1 1 1 0 0 1 1 1 1 1 1 1 0 0 0 1 1 1 1 1 1 1 0 0 1 1 1 1 0
 0 0 0 0 1 1 1 1 1 0 0 0 0 0 1 1 1 1 1 1 0]"
1,0.8404255319148937,0.8410526315789473,"EEG-Stim,EEG-Cue,Pupil,HR","[ 0.7464245   0.79320842  0.6332279   0.75406673  0.75002503  0.8657765
  0.61585844  0.61270301  0.30732697  0.68405608  0.2593699   0.69382588
  0.47827246  0.56122522  0.70732144  0.60420945  0.63411666  0.77087966
  0.41698602  0.10922937  0.88018304  0.81697013  0.49526141  0.38645592
  0.75578056  0.70791216  0.59282535  0.41851062  0.44866681  0.37526752
  0.63104001  0.32952229  0.62146045  0.45813804  0.82469161  0.50244175
  0.62395891  0.04150839  0.22669231  0.11109493  0.58016505  0.64429976
  0.68292744  0.6665241   0.71198265  0.71524618  0.74733194  0.66036718
  0.28075188  0.65745189  0.5716596   0.73964768  0.68010848  0.61084127
  0.38155124  0.61260558  0.19021713  0.20836808  0.70417092  0.62999241
  0.93328475  0.71812823  0.88123615  0.84993392  0.79653306  0.87757632
  0.30905974  0.61636457  0.63658015  0.8121179   0.32086021  0.68105521
  0.68661026  0.11842652  0.08157637  0.22617658  0.44716108  0.57481516
  0.52087947  0.3595596   0.6972204   0.63894753  0.63341971  0.10603248
  0.1728277   0.85165938  0.87599105  0.71125278  0.78651662  0.73417991
  0.62688017  0.62755886  0.80738444  0.95742695]","[1 1 1 1 1 1 1 1 0 0 1 1 1 1 1 1 1 1 1 0 1 1 1 1 1 1 1 1 0 0 1 1 1 1 1 1 1
 0 0 0 1 1 1 1 1 1 1 1 0 1 1 1 1 1 1 1 0 0 1 1 1 1 1 1 1 1 0 1 1 1 1 1 1 0
 0 0 1 1 1 1 1 1 0 0 0 1 1 1 1 1 1 1 1 0]"
2,0.7857142857142857,0.7961876832844574,"EEG-Stim,EEG-Cue,Pupil,HR","[ 0.35591052  0.38348218  0.33393083  0.36161519  0.37423491  0.26754587
  0.21275641  0.34816788  0.29237861  0.97829295  0.54873144  0.85866635
  0.96865737  0.97140453  0.78267249  0.54680334  0.8465041   0.55920378
  0.50287738  0.50290311  0.50089621  0.50162648  0.50356539  0.50424439
  0.50118631  0.49940339  0.49911839  0.65971688  0.89510807  0.56073275
  0.35127331  0.54891573  0.71448904  0.5989811   0.36747488  0.21940094
  0.5437835   0.79672659  0.83381537  0.86239419  0.81338282  0.4765745
  0.56025948  0.06683312  0.64836387  0.86432781  0.62101588  0.84408364
  0.82510091  0.80935615  0.77325261  0.63398732  0.6122738   0.47283534
  0.61863161  0.53569284  0.57584816  0.52567434  0.52401679  0.42686877
  0.41836222  0.439058    0.39046905  0.48237639  0.36634982  0.3254541
  0.3704721   0.2900623   0.81353621  0.56375277  0.57603834  0.3599871
  0.47161517  0.68124022  0.17910257  0.10773505  0.54778684  0.56614062
  0.56230005  0.54122182  0.54396825  0.6729977   0.46701892  0.3749125 ]","[1 1 1 1 0 0 0 0 0 1 1 1 1 1 1 1 1 1 1 1 1 1 1 1 1 1 0 1 1 1 1 1 1 1 0 0 1
 1 1 1 1 1 0 0 1 1 1 1 1 1 1 0 1 1 1 1 1 1 0 0 1 1 1 1 0 0 0 0 1 1 1 1 1 0
 0 0 1 1 1 1 1 1 0 0]"
3,0.8059701492537313,0.8117647058823529,"EEG-Stim,EEG-Cue,Pupil,HR","[ 0.40049478  0.90387895  0.79494473  0.63026265  0.01860176  0.0527524
  0.62161282  0.88529501  0.7618913   0.55327607  0.64798347  0.80467798
  0.57853235  0.07998295  0.91603233  0.97182487  0.9701389   0.01803051
  0.99986428  0.66872658  0.98855117  0.63337363  0.7112149   0.97618816
  0.54688683  0.92175623  0.96403183  0.03804584  0.79471526  0.84560494
  0.29476551  0.79592239  0.02927624  0.62547331  0.11000232  0.22388247
  0.49080507  0.31211659  0.84031729  0.03074024  0.23417575  0.23286445
  0.77388264  0.37395151  0.52608472  0.2780263   0.04777987  0.05185626
  0.14100492  0.99999719  0.99821459  0.99895484  0.99997935  0.76927599
  0.93770546  0.82031473  0.39362396  0.98433947  0.99431205  0.03160153
  0.05654044  0.84163572  0.95665462  0.9553768   0.60338932  0.9791999
  0.3412685 ]","[1 1 1 1 0 0 0 1 1 1 1 1 1 0 1 1 1 1 1 1 1 1 1 1 1 1 1 0 1 1 1 1 1 1 0 1 1
 1 1 0 0 0 1 1 1 1 0 0 0 1 1 1 1 0 0 1 1 1 1 0 0 1 1 1 1 1 0]"
4,0.6181818181818182,0.7857142857142857,"EEG-Stim,EEG-Cue,Pupil,HR","[ 0.5006761   0.50024882  0.50018458  0.49956021  0.4992266   0.49994307
  0.52207116  0.52041955  0.46175632  0.47406435  0.50883346  0.42042986
  0.50074234  0.49975554  0.50035533  0.49970263  0.50097921  0.50041918
  0.50999678  0.50504835  0.50321898  0.50472536  0.50602987  0.50487926
  0.47448468  0.55305411  0.44223444  0.49328194  0.51520524  0.44314063
  0.49659841  0.49684243  0.49592876  0.49731403  0.49702401  0.32893344
  0.44612204  0.45206797  0.18739532  0.377982    0.501261    0.50068963
  0.49983675  0.50079644  0.49929005  0.50129793  0.49447063  0.50466924
  0.50389528  0.50047306  0.49951757  0.50022787  0.50173655  0.50033165
  0.49935699]","[1 1 1 1 1 0 1 1 1 1 1 1 1 1 1 1 1 1 1 1 1 1 1 1 1 1 1 1 1 0 1 1 1 0 0 1 1
 1 1 0 1 1 1 1 0 1 1 1 1 1 1 1 1 1 1]"
0,0.7052631578947368,0.696236559139785,"EEG-Stim,EEG-Cue","[ 0.52241317  0.53997636  0.53718321  0.53025589  0.52260798  0.53830588
  0.53866308  0.54841881  0.5111398   0.50598261  0.50880726  0.5183062
  0.52148492  0.50751333  0.50912198  0.52428925  0.50187103  0.50702099
  0.46483011  0.48027409  0.50006479  0.51057256  0.50653131  0.50266414
  0.48549906  0.50379068  0.4785397   0.46637545  0.45519046  0.46424148
  0.57730534  0.47849859  0.53666829  0.46016407  0.53578297  0.46277539
  0.59003644  0.43674698  0.55408557  0.49093163  0.51663609  0.51759764
  0.51478487  0.53412747  0.50561434  0.50757466  0.51698019  0.51744768
  0.48479492  0.47743323  0.50338027  0.50187825  0.50097134  0.4995458
  0.50043483  0.49954778  0.49820225  0.49519826  0.49706196  0.50298281
  0.50431524  0.5020903   0.50402325  0.50504425  0.50383923  0.50298769
  0.5022551   0.50142308  0.4961713   0.49369841  0.49608326  0.49598781
  0.49573733  0.49062817  0.49504224  0.49184342  0.49269473  0.4974497
  0.49734856  0.49749185  0.49683405  0.49952423  0.49909185  0.49596892
  0.49524456  0.49632795  0.51520026  0.49923486  0.52114452  0.53802178
  0.49070022  0.53945141  0.52238568  0.51498182  0.50715739]","[0 0 1 1 1 1 1 1 1 0 1 1 1 1 1 1 1 1 0 0 0 1 1 1 1 1 1 0 0 0 0 0 0 1 1 1 1
 0 0 0 1 1 1 1 1 1 1 1 0 0 1 1 1 1 1 1 1 0 0 0 1 1 1 1 1 1 1 0 0 1 1 1 1 0
 0 0 0 0 1 1 1 1 1 0 0 0 0 0 1 1 1 1 1 1 0]"
1,0.8723404255319149,0.8610526315789473,"EEG-Stim,EEG-Cue","[ 0.75823577  0.82361715  0.62834351  0.77825891  0.73790489  0.89030239
  0.63749104  0.56985089  0.29263629  0.63631883  0.17745563  0.91720215
  0.70979003  0.87164393  0.93987951  0.87401842  0.83802534  0.94105169
  0.61240823  0.06732128  0.84940872  0.7864272   0.54578168  0.3644619
  0.75669696  0.71318083  0.59563297  0.40389016  0.45239463  0.35291393
  0.59321184  0.34714149  0.63799236  0.41260888  0.78290232  0.50432543
  0.62890918  0.03861279  0.24645717  0.10379342  0.60299149  0.66783754
  0.82779363  0.61791836  0.77045551  0.66863123  0.79548917  0.70454064
  0.28933913  0.69242062  0.54726776  0.73211607  0.73202522  0.59536058
  0.38779223  0.70086364  0.16515013  0.17890842  0.65003295  0.64819164
  0.89797736  0.68404128  0.87097079  0.81034025  0.80216644  0.86470875
  0.28537051  0.67009205  0.67748999  0.80552862  0.3927886   0.61818854
  0.71824367  0.16954156  0.3604499   0.23401682  0.45837877  0.60654353
  0.52554917  0.28681236  0.63224318  0.67515941  0.5919591   0.11922515
  0.18080686  0.82382361  0.85743591  0.66594319  0.79946788  0.70446392
  0.62072058  0.63409955  0.81290696  0.95546241]","[1 1 1 1 1 1 1 1 0 0 1 1 1 1 1 1 1 1 1 0 1 1 1 1 1 1 1 1 0 0 1 1 1 1 1 1 1
 0 0 0 1 1 1 1 1 1 1 1 0 1 1 1 1 1 1 1 0 0 1 1 1 1 1 1 1 1 0 1 1 1 1 1 1 0
 0 0 1 1 1 1 1 1 0 0 0 1 1 1 1 1 1 1 1 0]"
2,0.7976190476190477,0.8042521994134897,"EEG-Stim,EEG-Cue","[ 0.29317976  0.37660648  0.33432014  0.34389233  0.23679626  0.1299387
  0.08343447  0.23172704  0.09815686  0.80985083  0.67317852  0.7407606
  0.90217854  0.82812652  0.61332961  0.57514787  0.65195788  0.59898523
  0.14218635  0.83962932  0.94657713  0.72966184  0.54948382  0.96568174
  0.99269631  0.41112805  0.04766712  0.59098481  0.87747866  0.57909157
  0.47859037  0.56684026  0.75807067  0.54450673  0.60979309  0.34790771
  0.6332153   0.78948576  0.8280111   0.85750033  0.77285342  0.5710162
  0.49166775  0.04855475  0.79431528  0.98164977  0.52396292  0.96943829
  0.90779104  0.79762778  0.95603967  0.80479445  0.57673827  0.53239354
  0.83553786  0.55497439  0.78980868  0.48348152  0.67504374  0.3806037
  0.32098302  0.26616453  0.29319908  0.57479916  0.2407983   0.2070174
  0.28648106  0.24313901  0.98215078  0.9186135   0.94989262  0.3569875
  0.38926018  0.93157003  0.06925557  0.01502464  0.59830197  0.7096264
  0.68948226  0.68870928  0.69593561  0.89476839  0.45206653  0.23482381]","[1 1 1 1 0 0 0 0 0 1 1 1 1 1 1 1 1 1 1 1 1 1 1 1 1 1 0 1 1 1 1 1 1 1 0 0 1
 1 1 1 1 1 0 0 1 1 1 1 1 1 1 0 1 1 1 1 1 1 0 0 1 1 1 1 0 0 0 0 1 1 1 1 1 0
 0 0 1 1 1 1 1 1 0 0]"
3,0.8805970149253731,0.8811764705882352,"EEG-Stim,EEG-Cue","[  5.33211257e-01   7.40727302e-01   6.39201461e-01   5.80827176e-01
   8.13022839e-02   1.90706198e-01   2.81533054e-01   9.99709768e-01
   9.19452530e-01   6.74349885e-01   9.69259179e-01   9.98208716e-01
   9.28544865e-01   6.32910629e-04   7.34262607e-01   9.84592624e-01
   9.61527562e-01   2.87255009e-02   9.99886941e-01   6.12181754e-01
   9.92787314e-01   5.55325831e-01   7.49782330e-01   9.93499156e-01
   7.52831784e-01   9.28723441e-01   9.70938312e-01   6.14578151e-02
   6.32715089e-01   8.86642503e-01   2.94369333e-01   7.60314470e-01
   4.68322648e-02   8.21948308e-01   6.98619443e-02   2.02121940e-02
   7.06517299e-01   5.68321058e-01   9.96410741e-01   4.10365455e-05
   7.74333334e-02   7.98623029e-02   7.60838818e-01   3.68948380e-01
   5.38137602e-01   2.74801445e-01   5.92754698e-02   4.62340794e-02
   1.61040289e-01   9.99992300e-01   9.98626585e-01   9.99877469e-01
   9.99999378e-01   5.48212426e-01   8.52890746e-01   5.19453268e-01
   5.14647020e-01   7.56089962e-01   8.65341498e-01   1.56781952e-01
   4.42752817e-01   8.24530373e-01   9.55012452e-01   9.69709138e-01
   6.68983951e-01   9.79831745e-01   2.85716524e-01]","[1 1 1 1 0 0 0 1 1 1 1 1 1 0 1 1 1 1 1 1 1 1 1 1 1 1 1 0 1 1 1 1 1 1 0 1 1
 1 1 0 0 0 1 1 1 1 0 0 0 1 1 1 1 0 0 1 1 1 1 0 0 1 1 1 1 1 0]"
4,0.6181818181818182,0.7857142857142857,"EEG-Stim,EEG-Cue","[ 0.50091075  0.50023231  0.50044584  0.49963328  0.49958298  0.49977079
  0.5036473   0.50372112  0.49515999  0.49888581  0.50259076  0.48813477
  0.506297    0.49812373  0.50379577  0.49843212  0.50471561  0.50384216
  0.51016481  0.50514442  0.50293917  0.50607598  0.50707082  0.50547694
  0.49866262  0.50858156  0.49205193  0.49994646  0.5019601   0.49009148
  0.0910298   0.24293733  0.03644722  0.34739674  0.26584391  0.49785084
  0.49836407  0.49762523  0.49646128  0.49733395  0.54166581  0.54762615
  0.51477681  0.55223186  0.4605616   0.50027345  0.4993446   0.5005969
  0.50061099  0.49986606  0.4870588   0.5143163   0.57752065  0.52483238
  0.47412848]","[1 1 1 1 1 0 1 1 1 1 1 1 1 1 1 1 1 1 1 1 1 1 1 1 1 1 1 1 1 0 1 1 1 0 0 1 1
 1 1 0 1 1 1 1 0 1 1 1 1 1 1 1 1 1 1]"
0,0.5684210526315789,0.4496578690127077,Pupil,"[ 0.52295331  0.6536937   0.45936325  0.78501319  0.98835493  0.37287736
  0.79859189  0.01205739  0.22705786  0.52318688  0.56938878  0.77146897
  0.59991389  0.58403785  0.79220009  0.68186807  0.59894114  0.66117385
  0.78255839  0.56412935  0.58316013  0.46440082  0.72586393  0.72579876
  0.6321914   0.70023345  0.53571511  0.6132975   0.73260302  0.82353371
  0.70150123  0.44281636  0.89080045  0.92912847  0.63712193  0.50563157
  0.42943698  0.62032461  0.62509543  0.68153944  0.79024633  0.4243397
  0.6498943   0.69553051  0.72750699  0.58055087  0.5740512   0.77777009
  0.67289162  0.62407557  0.71917504  0.7390595   0.64862233  0.4364222
  0.50672012  0.74776493  0.71364098  0.61287822  0.88248686  0.5147844
  0.68628671  0.66369727  0.65345746  0.84948074  0.55466408  0.71945032
  0.64106275  0.5628933   0.55941942  0.82801919  0.78093359  0.60117856
  0.73526479  0.64370106  0.78403129  0.83583213  0.8057036   0.57493558
  0.82558273  0.81580647  0.72299734  0.58842288  0.71012986  0.591039
  0.49797867  0.61596284  0.50270236  0.50098995  0.49949967  0.50292091
  0.50254353  0.50295576  0.50142279  0.49945042  0.50431697]","[0 0 1 1 1 1 1 1 1 0 1 1 1 1 1 1 1 1 0 0 0 1 1 1 1 1 1 0 0 0 0 0 0 1 1 1 1
 0 0 0 1 1 1 1 1 1 1 1 0 0 1 1 1 1 1 1 1 0 0 0 1 1 1 1 1 1 1 0 0 1 1 1 1 0
 0 0 0 0 1 1 1 1 1 0 0 0 0 0 1 1 1 1 1 1 0]"
1,0.7553191489361702,0.5519298245614035,Pupil,"[ 0.53279242  0.52767763  0.54363555  0.52337273  0.54605064  0.50438356
  0.53709833  0.55475543  0.53169718  0.5474185   0.49660622  0.50849682
  0.49875405  0.50298961  0.49452405  0.50360708  0.50168473  0.50621544
  0.50267702  0.49783894  0.5127566   0.51286     0.50150599  0.50609807
  0.50500306  0.50707825  0.50489302  0.50886387  0.50424131  0.50874247
  0.5446739   0.54320323  0.510449    0.55539571  0.54659543  0.54045082
  0.53255563  0.54224672  0.5103988   0.53052799  0.5014018   0.50098629
  0.49936065  0.5010467   0.50005184  0.50099812  0.49917512  0.50007391
  0.50031137  0.50246092  0.5082091   0.51162937  0.49667699  0.50830897
  0.50349901  0.49399255  0.50839769  0.5060839   0.50909492  0.50202749
  0.51654704  0.51131021  0.50721108  0.51097761  0.50514332  0.50867152
  0.50431267  0.71898253  0.69655072  0.80848747  0.65666329  0.85158574
  0.70805434  0.61790625  0.11986599  0.74292961  0.50042323  0.49965911
  0.50067944  0.50149396  0.50207055  0.50012853  0.50129559  0.49986352
  0.49999602  0.51319999  0.50721471  0.51113004  0.50632744  0.50944378
  0.50458436  0.50312936  0.50593188  0.5059647 ]","[1 1 1 1 1 1 1 1 0 0 1 1 1 1 1 1 1 1 1 0 1 1 1 1 1 1 1 1 0 0 1 1 1 1 1 1 1
 0 0 0 1 1 1 1 1 1 1 1 0 1 1 1 1 1 1 1 0 0 1 1 1 1 1 1 1 1 0 1 1 1 1 1 1 0
 0 0 1 1 1 1 1 1 0 0 0 1 1 1 1 1 1 1 1 0]"
2,0.7261904761904762,0.6678885630498533,Pupil,"[ 0.50815344  0.50518107  0.49921315  0.50510807  0.51416242  0.49669316
  0.49039598  0.50818415  0.51203652  0.50325963  0.49853874  0.50519876
  0.50094207  0.50743884  0.5057189   0.49813082  0.5010469   0.50171523
  0.51770092  0.50521043  0.48497725  0.49876143  0.5137356   0.50990452
  0.470109    0.48319878  0.49847163  0.50120613  0.50089174  0.50027931
  0.49913827  0.50003497  0.49994472  0.50083849  0.49825038  0.4986552
  0.49972696  0.50058857  0.50176217  0.50076949  0.50117526  0.49969746
  0.50055987  0.50056372  0.50024765  0.50042638  0.50143185  0.50116083
  0.50095438  0.50217154  0.50009699  0.49998267  0.62149801  0.48856342
  0.54361175  0.56001206  0.5445699   0.55454651  0.51665597  0.47496968
  0.50098704  0.50128243  0.50068037  0.50072321  0.50024185  0.49993789
  0.50059426  0.49891622  0.5057143   0.5006229   0.49459783  0.50245619
  0.50837032  0.50784579  0.4966758   0.50453783  0.50107448  0.50074527
  0.50116162  0.50057307  0.50040825  0.50169317  0.4998105   0.49925934]","[1 1 1 1 0 0 0 0 0 1 1 1 1 1 1 1 1 1 1 1 1 1 1 1 1 1 0 1 1 1 1 1 1 1 0 0 1
 1 1 1 1 1 0 0 1 1 1 1 1 1 1 0 1 1 1 1 1 1 0 0 1 1 1 1 0 0 0 0 1 1 1 1 1 0
 0 0 1 1 1 1 1 1 0 0]"
3,0.6865671641791045,0.5570588235294117,Pupil,"[ 0.49495228  0.50362452  0.49963538  0.50183355  0.50214047  0.49539256
  0.51885108  0.50217774  0.50557765  0.5042107   0.50296765  0.50609921
  0.50224918  0.50272298  0.51182563  0.50374078  0.50196427  0.50155052
  0.50336544  0.50186655  0.50287748  0.50106054  0.50022576  0.49963443
  0.49946801  0.50007807  0.50021406  0.49942795  0.99561204  0.4871353
  0.95508907  0.7134855   0.77325934  0.84283389  0.96806555  0.50637614
  0.50405875  0.50342852  0.50282439  0.49993483  0.50354929  0.50355845
  0.5004106   0.49999553  0.5003956   0.5004458   0.49979746  0.50043343
  0.50005363  0.50656096  0.49991463  0.50149896  0.49923209  0.5008919
  0.50843658  0.50065186  0.50027721  0.50036761  0.50019952  0.50047584
  0.49970858  0.49952954  0.50267414  0.50585601  0.50273654  0.50368239
  0.50586287]","[1 1 1 1 0 0 0 1 1 1 1 1 1 0 1 1 1 1 1 1 1 1 1 1 1 1 1 0 1 1 1 1 1 1 0 1 1
 1 1 0 0 0 1 1 1 1 0 0 0 1 1 1 1 0 0 1 1 1 1 0 0 1 1 1 1 1 0]"
4,0.8363636363636363,0.46938775510204084,Pupil,"[ 0.50039971  0.50046833  0.50024416  0.50045295  0.50018875  0.50053977
  0.81348438  0.8304777   0.81406738  0.67989894  0.74719854  0.80302552
  0.63852645  0.63383988  0.62174212  0.61120934  0.67979727  0.61732833
  0.97646616  0.99264126  0.9955776   0.41652454  0.07422951  0.81522503
  0.50775567  0.99991081  0.67993793  0.99245674  0.62663599  0.99113687
  0.97637097  0.92195875  0.97211907  0.96303454  0.94634166  0.64179708
  0.66215904  0.62277206  0.63705416  0.66109138  0.99999988  0.54196886
  0.18941739  0.73027206  0.99635006  0.50041433  0.50038081  0.50051072
  0.50043118  0.50067819  0.50310417  0.50342752  0.50437897  0.50291586
  0.50354767]","[1 1 1 1 1 0 1 1 1 1 1 1 1 1 1 1 1 1 1 1 1 1 1 1 1 1 1 1 1 0 1 1 1 0 0 1 1
 1 1 0 1 1 1 1 0 1 1 1 1 1 1 1 1 1 1]"
0,0.6842105263157895,0.6659335288367546,EEG-Stim,"[ 0.55264364  0.63587531  0.62139872  0.57856135  0.54475217  0.65560032
  0.65332147  0.6787042   0.5353437   0.50628065  0.50949543  0.51634925
  0.50665197  0.50452427  0.50476989  0.51720098  0.50794152  0.50551721
  0.47545518  0.49456931  0.5006093   0.50147251  0.50142152  0.50029745
  0.49876808  0.49978515  0.49963434  0.49744797  0.49811315  0.49873505
  0.50046175  0.498803    0.49911408  0.49876478  0.49946979  0.4982569
  0.50089774  0.49782861  0.50149675  0.50028813  0.5098742   0.51252572
  0.50510188  0.5171241   0.50614267  0.49673609  0.51237223  0.50565424
  0.50231153  0.48807713  0.51436013  0.50703986  0.50748904  0.50491607
  0.49598924  0.4937844   0.49716424  0.47278621  0.49487414  0.50422842
  0.51793484  0.51486577  0.50399193  0.53046229  0.51539052  0.514551
  0.52029059  0.50735792  0.46545278  0.35733603  0.49384983  0.40852295
  0.44770957  0.27623016  0.3892913   0.35947155  0.36274976  0.48162548
  0.43560293  0.45021968  0.45426925  0.51220711  0.51216151  0.34016756
  0.50651622  0.42200839  0.55849162  0.47434695  0.58457414  0.62778196
  0.52932195  0.57840727  0.53673504  0.55030225  0.51217043]","[0 0 1 1 1 1 1 1 1 0 1 1 1 1 1 1 1 1 0 0 0 1 1 1 1 1 1 0 0 0 0 0 0 1 1 1 1
 0 0 0 1 1 1 1 1 1 1 1 0 0 1 1 1 1 1 1 1 0 0 0 1 1 1 1 1 1 1 0 0 1 1 1 1 0
 0 0 0 0 1 1 1 1 1 0 0 0 0 0 1 1 1 1 1 1 0]"
1,0.7021276595744681,0.7347368421052632,EEG-Stim,"[ 0.50012979  0.5010601   0.50127441  0.50071918  0.50000338  0.50258831
  0.50054166  0.50037145  0.49987574  0.5014525   0.49648175  0.51186128
  0.49667619  0.4986778   0.50822467  0.50427738  0.50618573  0.50704233
  0.50417485  0.49912752  0.50110693  0.5002305   0.49966976  0.49925574
  0.50056882  0.50151795  0.50033458  0.49992682  0.49972495  0.49993466
  0.39797177  0.42210206  0.5086905   0.47367188  0.54845936  0.51449223
  0.49983808  0.46898876  0.45663829  0.41814883  0.50164943  0.50131894
  0.50193542  0.50123469  0.50101924  0.50056015  0.50120849  0.50100589
  0.50033525  0.50272866  0.50109785  0.50218682  0.50124525  0.5079542
  0.49867965  0.49960239  0.49939344  0.4896523   0.50865512  0.53169509
  0.59488799  0.54546817  0.54494728  0.58170288  0.60088899  0.5512798
  0.55407146  0.49941597  0.49935355  0.50089198  0.49843997  0.49891782
  0.49967173  0.49918217  0.4995005   0.49804614  0.4926502   0.49296082
  0.49825175  0.49115495  0.49684691  0.49499064  0.49687154  0.49135812
  0.49082546  0.50061135  0.50065492  0.50034515  0.50123187  0.49891968
  0.5007439   0.50081535  0.50055713  0.50048654]","[1 1 1 1 1 1 1 1 0 0 1 1 1 1 1 1 1 1 1 0 1 1 1 1 1 1 1 1 0 0 1 1 1 1 1 1 1
 0 0 0 1 1 1 1 1 1 1 1 0 1 1 1 1 1 1 1 0 0 1 1 1 1 1 1 1 1 0 1 1 1 1 1 1 0
 0 0 1 1 1 1 1 1 0 0 0 1 1 1 1 1 1 1 1 0]"
2,0.7619047619047619,0.7067448680351907,EEG-Stim,"[  3.89055308e-01   4.05594173e-01   3.70143233e-01   3.86537832e-01
   2.38495828e-01   1.69956275e-01   2.36667997e-01   3.13631526e-01
   2.03204760e-01   6.11817141e-01   8.34269619e-01   6.22350656e-01
   6.21259423e-01   8.28859122e-01   8.31562840e-01   6.93288612e-01
   6.85861878e-01   6.21850931e-01   2.52107844e-03   9.99998623e-01
   1.00000000e+00   1.41338029e-04   1.00000000e+00   1.00000000e+00
   1.00000000e+00   1.12046659e-04   1.90419324e-03   5.25462783e-01
   6.51286979e-01   5.69258121e-01   5.17454182e-01   6.70562525e-01
   7.14759920e-01   7.03549122e-01   6.76583812e-01   5.20823164e-01
   9.87472350e-01   1.00000000e+00   1.00000000e+00   1.00000000e+00
   1.00000000e+00   1.00000000e+00   9.99999994e-01   7.00943072e-37
   9.22221949e-01   9.68271824e-01   9.07108542e-01   9.41810853e-01
   8.30008266e-01   9.53579661e-01   9.88795631e-01   8.02623182e-01
   4.61751448e-01   7.54453852e-01   7.70652473e-01   5.85588357e-01
   7.97488420e-01   5.36029219e-01   7.44304354e-01   4.44116720e-01
   8.06488927e-01   1.75221919e-01   4.93389214e-01   5.59632556e-01
   1.13876202e-02   5.98848232e-02   6.86297678e-02   7.86531090e-01
   9.62906587e-01   8.62228882e-01   8.77934710e-01   6.43947943e-01
   3.59003927e-01   5.63623499e-01   6.21841928e-01   1.69286410e-01
   5.15853202e-01   5.02125650e-01   5.04308726e-01   5.41109934e-01
   5.15426217e-01   5.94352415e-01   5.04856816e-01   4.55819021e-01]","[1 1 1 1 0 0 0 0 0 1 1 1 1 1 1 1 1 1 1 1 1 1 1 1 1 1 0 1 1 1 1 1 1 1 0 0 1
 1 1 1 1 1 0 0 1 1 1 1 1 1 1 0 1 1 1 1 1 1 0 0 1 1 1 1 0 0 0 0 1 1 1 1 1 0
 0 0 1 1 1 1 1 1 0 0]"
3,0.8208955223880597,0.8411764705882352,EEG-Stim,"[  5.48025825e-01   7.55902918e-01   6.78409249e-01   5.12625968e-01
   3.12482531e-01   4.78754440e-01   5.50112374e-01   5.54045630e-01
   5.10075502e-01   5.13458234e-01   5.04699741e-01   5.20520376e-01
   5.35030589e-01   3.96553571e-01   4.52009427e-01   4.93904069e-01
   6.37238583e-01   6.10120198e-01   8.28760200e-01   4.47677569e-01
   7.95025522e-01   6.73168355e-01   4.91866903e-01   8.83704383e-01
   6.45966472e-01   6.23604054e-01   8.15627913e-01   4.02738751e-01
   6.57153676e-01   7.58463500e-01   6.49076885e-01   4.12550678e-01
   5.70783019e-01   4.96899553e-01   3.07673239e-01   1.13476522e-01
   5.78332946e-01   6.00350849e-01   8.25210854e-01   1.73336042e-01
   5.87400135e-01   4.11380727e-01   9.98109879e-01   6.76765143e-01
   9.94207035e-01   2.25366309e-02   6.09354436e-05   1.11073980e-03
   6.81837011e-02   5.13834341e-01   5.14951259e-01   4.99634275e-01
   5.00878393e-01   4.89667156e-01   4.91157483e-01   4.18993073e-01
   6.02655913e-01   7.96604487e-01   7.55897973e-01   3.58726529e-01
   2.41733825e-01   6.14336372e-01   6.75346195e-01   8.04088108e-01
   5.06011929e-01   8.39693695e-01   3.76846755e-01]","[1 1 1 1 0 0 0 1 1 1 1 1 1 0 1 1 1 1 1 1 1 1 1 1 1 1 1 0 1 1 1 1 1 1 0 1 1
 1 1 0 0 0 1 1 1 1 0 0 0 1 1 1 1 0 0 1 1 1 1 0 0 1 1 1 1 1 0]"
4,0.7636363636363637,0.8673469387755102,EEG-Stim,"[ 0.53476667  0.51953782  0.54255738  0.53039507  0.49989863  0.48911632
  0.50058497  0.50074825  0.50111068  0.49995242  0.50057383  0.49944151
  0.50848971  0.50053832  0.50490698  0.50170594  0.5014628   0.49978003
  0.90740975  0.88396118  0.90797294  0.90352654  0.90368189  0.88159487
  0.50565763  0.50510131  0.5004962   0.50169989  0.50282449  0.49820615
  0.48158104  0.48461358  0.48378806  0.48590793  0.48280538  0.4984043
  0.49869851  0.49902429  0.49777389  0.49859062  0.50051584  0.50086298
  0.50038481  0.50034755  0.49967787  0.50469998  0.49878181  0.50569488
  0.50309469  0.49715887  0.50716546  0.5042084   0.50537492  0.50743835
  0.50171306]","[1 1 1 1 1 0 1 1 1 1 1 1 1 1 1 1 1 1 1 1 1 1 1 1 1 1 1 1 1 0 1 1 1 0 0 1 1
 1 1 0 1 1 1 1 0 1 1 1 1 1 1 1 1 1 1]"
0,0.6842105263157895,0.6517595307917888,EEG-Cue,"[ 0.51614952  0.51935726  0.51916979  0.51980507  0.51781207  0.51466918
  0.51541506  0.5201041   0.5081547   0.50760364  0.50025547  0.50063641
  0.5024691   0.5007951   0.5010129   0.50140285  0.49956169  0.50060357
  0.49889424  0.49834884  0.53454172  0.56059649  0.55358833  0.67864056
  0.52038293  0.78834574  0.23821971  0.2856008   0.1031422   0.17954891
  0.7480453   0.56708174  0.79440106  0.52429107  0.71534895  0.63610998
  0.69932318  0.71024357  0.55593769  0.46707427  0.70396882  0.73854371
  0.75536791  0.85754734  0.47405117  0.77436609  0.67910485  0.8080568
  0.23693699  0.37058606  0.51259189  0.50897828  0.50186703  0.49392176
  0.50948954  0.50455122  0.49173487  0.49341688  0.48582109  0.60577223
  0.59420105  0.51334774  0.64873778  0.54305909  0.58413357  0.54621905
  0.4800604   0.53325665  0.49801674  0.49792912  0.49731912  0.49906058
  0.49791096  0.49682479  0.49863055  0.49591065  0.49694252  0.49869925
  0.49964654  0.49939419  0.49875796  0.50016975  0.49966627  0.50056069
  0.49587497  0.49901702  0.5413458   0.51438876  0.55047923  0.60544734
  0.42872692  0.66132498  0.59982776  0.55239369  0.54590787]","[0 0 1 1 1 1 1 1 1 0 1 1 1 1 1 1 1 1 0 0 0 1 1 1 1 1 1 0 0 0 0 0 0 1 1 1 1
 0 0 0 1 1 1 1 1 1 1 1 0 0 1 1 1 1 1 1 1 0 0 0 1 1 1 1 1 1 1 0 0 1 1 1 1 0
 0 0 0 0 1 1 1 1 1 0 0 0 0 0 1 1 1 1 1 1 0]"
1,0.9148936170212766,0.8680701754385965,EEG-Cue,"[ 0.82259389  0.81625332  0.60267618  0.80132634  0.82843147  0.77092712
  0.66630775  0.584706    0.37955803  0.54486675  0.52746734  0.56072856
  0.69423325  0.74658925  0.75831159  0.71795701  0.75641525  0.80836962
  0.52616625  0.25107941  0.98626466  0.98471658  0.7833025   0.67117567
  0.94664189  0.80183985  0.87533505  0.64367648  0.89145998  0.32756978
  0.77917957  0.54162737  0.56647958  0.46993021  0.6039301   0.43047749
  0.63636443  0.03560119  0.29873163  0.19520348  0.50486359  0.56184557
  0.7703265   0.60200114  0.79346699  0.71349     0.79123861  0.71480343
  0.33598859  0.66554377  0.60149289  0.76207204  0.75664728  0.57076719
  0.51843084  0.78066333  0.19163532  0.33965353  0.69396783  0.73684564
  0.84893311  0.67053689  0.89261701  0.78163095  0.68595229  0.87511441
  0.24068956  0.69517841  0.72816399  0.61003157  0.53454297  0.65116921
  0.71373282  0.18398479  0.32962542  0.41285063  0.53228219  0.69304288
  0.4713714   0.32233118  0.58621336  0.70767726  0.53173504  0.13325612
  0.2230685   0.98834186  0.99446048  0.9595397   0.98079787  0.98989982
  0.85166894  0.858585    0.98877334  0.99901554]","[1 1 1 1 1 1 1 1 0 0 1 1 1 1 1 1 1 1 1 0 1 1 1 1 1 1 1 1 0 0 1 1 1 1 1 1 1
 0 0 0 1 1 1 1 1 1 1 1 0 1 1 1 1 1 1 1 0 0 1 1 1 1 1 1 1 1 0 1 1 1 1 1 1 0
 0 0 1 1 1 1 1 1 0 0 0 1 1 1 1 1 1 1 1 0]"
2,0.7380952380952381,0.6906158357771259,EEG-Cue,"[ 0.29639991  0.45394741  0.3262811   0.32775359  0.33711893  0.30846676
  0.183856    0.29642596  0.21257     0.90198162  0.6069341   0.86625289
  0.91552712  0.77712407  0.60922617  0.63042496  0.66373034  0.74908333
  0.46936803  0.5654054   0.55194792  0.57727636  0.4946404   0.54780246
  0.63007304  0.53764955  0.47456325  0.50153275  0.50236644  0.50083082
  0.50048493  0.50033175  0.50147883  0.50058001  0.50064812  0.50013743
  0.48593691  0.53079736  0.52275773  0.55534947  0.50960032  0.46384626
  0.50608158  0.42689613  0.61261263  0.8118716   0.56595831  0.75339628
  0.82731422  0.72572141  0.57515773  0.66815892  0.7754034   0.37782337
  0.74818932  0.58130831  0.63657962  0.59529542  0.50435855  0.48011256
  0.15988856  0.30937025  0.32598989  0.76358537  0.88210678  0.4588604
  0.73387062  0.03707505  0.69796967  0.5328312   0.71261064  0.36890204
  0.50481341  0.61553079  0.22935845  0.24735681  0.61742794  0.81407117
  0.72398741  0.63937524  0.7450348   0.76795225  0.58427118  0.47613489]","[1 1 1 1 0 0 0 0 0 1 1 1 1 1 1 1 1 1 1 1 1 1 1 1 1 1 0 1 1 1 1 1 1 1 0 0 1
 1 1 1 1 1 0 0 1 1 1 1 1 1 1 0 1 1 1 1 1 1 0 0 1 1 1 1 0 0 0 0 1 1 1 1 1 0
 0 0 1 1 1 1 1 1 0 0]"
3,0.7611940298507462,0.7623529411764705,EEG-Cue,"[ 0.54748785  0.6366397   0.52765826  0.66303434  0.11839588  0.19586312
  0.24449189  0.60851431  0.60310793  0.4896271   0.56791596  0.60543144
  0.49259129  0.40719414  0.78460148  0.87758323  0.81221046  0.35350925
  0.87566873  0.68555182  0.72513274  0.4872034   0.61569275  0.82842641
  0.61026468  0.71729105  0.64205412  0.477042    0.57264859  0.67883608
  0.33693568  0.69670871  0.23663152  0.71832533  0.41865889  0.83720963
  0.49985918  0.08287869  0.93307913  0.00646105  0.04986618  0.52026517
  0.50126279  0.49842841  0.4991516   0.49905421  0.49729424  0.49494279
  0.49668573  0.61583713  0.63331012  0.80567472  0.89069468  0.56679128
  0.45695883  0.551118    0.49762773  0.51651864  0.62111645  0.35342945
  0.5794364   0.53249654  0.78773449  0.7738419   0.63523435  0.83347952
  0.50557512]","[1 1 1 1 0 0 0 1 1 1 1 1 1 0 1 1 1 1 1 1 1 1 1 1 1 1 1 0 1 1 1 1 1 1 0 1 1
 1 1 0 0 0 1 1 1 1 0 0 0 1 1 1 1 0 0 1 1 1 1 0 0 1 1 1 1 1 0]"
4,0.6727272727272727,0.6700680272108844,EEG-Cue,"[ 0.5007447   0.50029963  0.50008566  0.49955991  0.49997584  0.50038268
  0.51944207  0.51109221  0.44146497  0.51866153  0.51468298  0.47644581
  0.5015186   0.50126613  0.50258102  0.50034472  0.50697361  0.50772224
  0.54061939  0.52165872  0.50496434  0.53432778  0.52582694  0.52672618
  0.49956195  0.50097141  0.49935198  0.50026923  0.50039306  0.4994003
  0.47930202  0.47981543  0.43801346  0.49481044  0.49481711  0.49993636
  0.50015687  0.49908798  0.49917595  0.49923109  0.54268533  0.53083061
  0.52120955  0.55889132  0.50329275  0.50013437  0.49997926  0.50032223
  0.50068274  0.50072864  0.49355987  0.50133584  0.51064977  0.49953267
  0.49744202]","[1 1 1 1 1 0 1 1 1 1 1 1 1 1 1 1 1 1 1 1 1 1 1 1 1 1 1 1 1 0 1 1 1 0 0 1 1
 1 1 0 1 1 1 1 0 1 1 1 1 1 1 1 1 1 1]"
0,0.6210526315789474,0.47580645161290325,HR,"[ 0.65132984  0.63993505  0.64001023  0.63766215  0.63854501  0.65709832
  0.66837019  0.66360191  0.65269061  0.62751871  0.49959928  0.49937882
  0.50053192  0.49965611  0.50308807  0.50264127  0.50480514  0.50268661
  0.50207097  0.50360982  0.66279439  0.69112517  0.6896388   0.67705531
  0.65526945  0.62443447  0.61573626  0.68831999  0.66013303  0.64720149
  0.50297283  0.50304157  0.5032081   0.50271762  0.5029832   0.50368252
  0.50350898  0.50312186  0.50215424  0.50311867  0.50031734  0.50013085
  0.50030594  0.50033025  0.50035446  0.50026471  0.50034642  0.50027493
  0.50018094  0.50029831  0.63585634  0.65965451  0.68445331  0.55011017
  0.64862097  0.67872998  0.68812536  0.61149057  0.69231442  0.51296736
  0.51544634  0.51719353  0.51581993  0.51753992  0.5181675   0.5189598
  0.51120492  0.51355521  0.51758515  0.51465022  0.52538877  0.52105119
  0.51733225  0.52220391  0.51929558  0.52278266  0.51828813  0.68734763
  0.62947759  0.6353129   0.69887686  0.66740939  0.73174915  0.60980285
  0.76341276  0.70421473  0.51766841  0.51580567  0.51931145  0.51534763
  0.51605763  0.51709702  0.51768665  0.51958915  0.51200588]","[0 0 1 1 1 1 1 1 1 0 1 1 1 1 1 1 1 1 0 0 0 1 1 1 1 1 1 0 0 0 0 0 0 1 1 1 1
 0 0 0 1 1 1 1 1 1 1 1 0 0 1 1 1 1 1 1 1 0 0 0 1 1 1 1 1 1 1 0 0 1 1 1 1 0
 0 0 0 0 1 1 1 1 1 0 0 0 0 0 1 1 1 1 1 1 0]"
1,0.7978723404255319,0.5,HR,"[ 0.50063578  0.50057541  0.50059753  0.50066998  0.50062485  0.50063188
  0.50061489  0.50061607  0.50066998  0.5006232   0.50058009  0.50057803
  0.50059885  0.5005829   0.50057137  0.5006368   0.5005915   0.50057784
  0.5006153   0.50059309  0.5006293   0.50062717  0.50060675  0.50062369
  0.50060863  0.50061793  0.50059655  0.5006114   0.50062465  0.5006058
  0.50063574  0.50064473  0.50065893  0.50065124  0.50065144  0.50064641
  0.50065928  0.50064129  0.50065401  0.5006544   0.50051097  0.50055955
  0.50047696  0.50068843  0.50047696  0.50071714  0.50063413  0.50062084
  0.5007054   0.50063135  0.50062932  0.50063374  0.50065625  0.50063951
  0.50065046  0.50063584  0.50065315  0.50064274  0.50426946  0.50482076
  0.50479963  0.50468966  0.50454208  0.50462811  0.5044982   0.50418806
  0.50505404  0.50067875  0.5006734   0.50065483  0.50066941  0.50065249
  0.50066257  0.50066052  0.50069099  0.50069099  0.50062101  0.50067288
  0.50062543  0.50066624  0.50064415  0.50067675  0.50062513  0.50065442
  0.50066684  0.50059807  0.5006447   0.50059281  0.50056241  0.50061545
  0.50063266  0.50063403  0.50059597  0.50064097]","[1 1 1 1 1 1 1 1 0 0 1 1 1 1 1 1 1 1 1 0 1 1 1 1 1 1 1 1 0 0 1 1 1 1 1 1 1
 0 0 0 1 1 1 1 1 1 1 1 0 1 1 1 1 1 1 1 0 0 1 1 1 1 1 1 1 1 0 1 1 1 1 1 1 0
 0 0 1 1 1 1 1 1 0 0 0 1 1 1 1 1 1 1 1 0]"
2,0.7380952380952381,0.5,HR,"[ 0.52518802  0.53058596  0.5320325   0.52414433  0.52981639  0.53917329
  0.52400876  0.51891954  0.52837543  0.62216616  0.64957063  0.63338975
  0.62994547  0.72867973  0.6745841   0.67475326  0.7401361   0.74816384
  0.50042159  0.50043454  0.50049524  0.50039454  0.50049365  0.50040217
  0.50039184  0.50039184  0.50039184  0.73116859  0.75420104  0.7435431
  0.71662069  0.77640517  0.77208445  0.66686541  0.73253124  0.69855852
  0.50044963  0.50044882  0.50045623  0.50045507  0.50044605  0.50045329
  0.50044952  0.50044777  0.50291086  0.50395373  0.5028058   0.50259609
  0.50342635  0.50291086  0.50384075  0.5030066   0.82376464  0.71196976
  0.71648239  0.70922125  0.64134208  0.75539234  0.68855798  0.77818169
  0.62459784  0.62010147  0.60394086  0.62290545  0.61404811  0.60199237
  0.62611691  0.61404811  0.5240656   0.52301546  0.51923995  0.52912744
  0.52970722  0.52474866  0.52843606  0.52416348  0.58115911  0.63443936
  0.59822703  0.59822703  0.59822703  0.63097817  0.62903142  0.59822703]","[1 1 1 1 0 0 0 0 0 1 1 1 1 1 1 1 1 1 1 1 1 1 1 1 1 1 0 1 1 1 1 1 1 1 0 0 1
 1 1 1 1 1 0 0 1 1 1 1 1 1 1 0 1 1 1 1 1 1 0 0 1 1 1 1 0 0 0 0 1 1 1 1 1 0
 0 0 1 1 1 1 1 1 0 0]"
3,0.7611940298507462,0.5294117647058824,HR,"[ 0.75471119  0.81068326  0.61691062  0.67525009  0.7449405   0.73481246
  0.71872212  0.89575033  0.84347237  0.83831941  0.65922003  0.67797245
  0.77950537  0.67287645  0.64589465  0.79354533  0.85784162  0.77401195
  0.80274167  0.77739518  0.68118975  0.82325756  0.8349713   0.76445167
  0.70370473  0.69808731  0.74387113  0.87938064  0.80576755  0.84163159
  0.72181033  0.84970768  0.55928022  0.71645017  0.78789148  0.76172651
  0.73733195  0.69489488  0.72426754  0.66229357  0.65541663  0.67169012
  0.86837014  0.87123172  0.69606751  0.73148418  0.77016009  0.86784266
  0.75756696  0.79976129  0.5813944   0.78520843  0.55059191  0.86493191
  0.53204398  0.85980208  0.73403889  0.75965634  0.55643037  0.90247409
  0.4933004   0.85652801  0.82759352  0.71654856  0.7397811   0.69094563
  0.60224037]","[1 1 1 1 0 0 0 1 1 1 1 1 1 0 1 1 1 1 1 1 1 1 1 1 1 1 1 0 1 1 1 1 1 1 0 1 1
 1 1 0 0 0 1 1 1 1 0 0 0 1 1 1 1 0 0 1 1 1 1 0 0 1 1 1 1 1 0]"
4,0.8909090909090909,0.5,HR,"[ 0.60151088  0.65097409  0.63656952  0.63102885  0.62572503  0.67260229
  0.50044661  0.50044373  0.50046335  0.5004788   0.50044128  0.50047091
  0.63208834  0.6361678   0.63572093  0.63442023  0.63631078  0.6322796
  0.85846337  0.85035477  0.85351106  0.85961917  0.86092421  0.86720395
  0.50039568  0.50052911  0.50041589  0.50043986  0.50048683  0.50052871
  0.65096589  0.65126175  0.65029784  0.65107028  0.65077126  0.50373192
  0.5038675   0.50356089  0.50360311  0.50389823  0.5004538   0.50052921
  0.50049858  0.50048376  0.50054004  0.50044053  0.50049101  0.50045194
  0.50044361  0.50046789  0.50046409  0.50048891  0.50047429  0.5004785
  0.50045458]","[1 1 1 1 1 0 1 1 1 1 1 1 1 1 1 1 1 1 1 1 1 1 1 1 1 1 1 1 1 0 1 1 1 0 0 1 1
 1 1 0 1 1 1 1 0 1 1 1 1 1 1 1 1 1 1]"
0,0.6526315789473685,0.5,RT,"[ 0.66101272  0.64112336  0.63368225  0.59377419  0.64391168  0.64788377
  0.63993078  0.62401526  0.6128697   0.6223151   0.51497651  0.51370585
  0.51514044  0.51509892  0.51561783  0.51557897  0.51613568  0.51657404
  0.51541846  0.51496782  0.50032449  0.50034246  0.50033986  0.50030588
  0.50033059  0.50033889  0.50032235  0.5002924   0.50034094  0.50033818
  0.59003461  0.58746863  0.58815349  0.59000924  0.59153315  0.58835646
  0.59088878  0.59422346  0.58817679  0.5900051   0.5002814   0.50029282
  0.50028157  0.50028739  0.50026605  0.50026037  0.50029303  0.5002692
  0.50029244  0.5003159   0.64105613  0.66560474  0.65386349  0.6233301
  0.62499504  0.63597953  0.64863918  0.64690034  0.64776493  0.59676558
  0.64050874  0.63741864  0.62153354  0.58368344  0.5533497   0.68506431
  0.65682606  0.84204007  0.50036848  0.50036377  0.50040019  0.5003666
  0.50038048  0.50038506  0.50037741  0.5003854   0.50035848  0.50254491
  0.50277535  0.50280499  0.50264118  0.50269411  0.50253361  0.50265332
  0.50293165  0.50254336  0.50245522  0.50252407  0.50244136  0.50240717
  0.50245604  0.50245729  0.50250353  0.50243223  0.50246334]","[0 0 1 1 1 1 1 1 1 0 1 1 1 1 1 1 1 1 0 0 0 1 1 1 1 1 1 0 0 0 0 0 0 1 1 1 1
 0 0 0 1 1 1 1 1 1 1 1 0 0 1 1 1 1 1 1 1 0 0 0 1 1 1 1 1 1 1 0 0 1 1 1 1 0
 0 0 0 0 1 1 1 1 1 0 0 0 0 0 1 1 1 1 1 1 0]"
1,0.7978723404255319,0.5,RT,"[ 0.84121257  0.77393077  0.79610307  0.88429398  0.76577842  0.865532
  0.77324248  0.90689627  0.6716292   0.80305936  0.53887543  0.52482349
  0.53279459  0.54095787  0.52703954  0.52336081  0.53274838  0.5151146
  0.54605048  0.51247396  0.67517258  0.95875665  0.91306749  0.83621883
  0.75115336  0.57702341  0.77918523  0.79648184  0.85512436  0.74477774
  0.80465656  0.72495969  0.88419096  0.82940337  0.94829463  0.89356081
  0.87593898  0.86010279  0.68558167  0.93482277  0.66917933  0.8056384
  0.88118634  0.75054715  0.74431119  0.8204567   0.90021307  0.53880773
  0.88160614  0.80856284  0.79397436  0.75609029  0.63467271  0.88556512
  0.74231094  0.81456328  0.65502523  0.68188651  0.903846    0.84764455
  0.57018363  0.73453547  0.64816443  0.81201829  0.78090067  0.73346862
  0.58875105  0.94683449  0.5687817   0.89019234  0.91058986  0.7650011
  0.99364167  0.9341634   0.72936481  0.89660419  0.93574784  0.88658627
  0.85588563  0.76183504  0.77034103  0.85198655  0.74522863  0.71972879
  0.74376335  0.82991498  0.86231557  0.92150856  0.68590307  0.75768118
  0.83125524  0.74391537  0.87148548  0.76407847]","[1 1 1 1 1 1 1 1 0 0 1 1 1 1 1 1 1 1 1 0 1 1 1 1 1 1 1 1 0 0 1 1 1 1 1 1 1
 0 0 0 1 1 1 1 1 1 1 1 0 1 1 1 1 1 1 1 0 0 1 1 1 1 1 1 1 1 0 1 1 1 1 1 1 0
 0 0 1 1 1 1 1 1 0 0 0 1 1 1 1 1 1 1 1 0]"
2,0.7380952380952381,0.5146627565982405,RT,"[ 0.53221846  0.53093662  0.52690825  0.54087887  0.52054968  0.5174374
  0.50667883  0.53246037  0.53882459  0.53765555  0.50072075  0.50927492
  0.51606933  0.52683525  0.51929496  0.50655034  0.52474089  0.52116773
  0.56758658  0.77676645  0.57681872  0.74211271  0.78602277  0.85903589
  0.74884551  0.56508621  0.75004757  0.86087799  0.76935085  0.81923797
  0.76057551  0.58764064  0.82762936  0.80217033  0.65353008  0.7493101
  0.83606629  0.76758191  0.85976047  0.85263869  0.65637772  0.77973027
  0.60961402  0.65533806  0.37837086  0.74812557  0.81483232  0.75108934
  0.78462399  0.67880271  0.78446731  0.39442386  0.76600134  0.66700229
  0.77912159  0.72960808  0.86397439  0.89498621  0.92946584  0.69909651
  0.58267479  0.81798727  0.74617003  0.82476855  0.74831706  0.50524628
  0.66073919  0.77176321  0.658751    0.84191581  0.81948594  0.82904114
  0.84270076  0.9049751   0.8251309   0.79818573  0.78625426  0.61210613
  0.76837854  0.80434129  0.77580954  0.8635481   0.6581033   0.71033742]","[1 1 1 1 0 0 0 0 0 1 1 1 1 1 1 1 1 1 1 1 1 1 1 1 1 1 0 1 1 1 1 1 1 1 0 0 1
 1 1 1 1 1 0 0 1 1 1 1 1 1 1 0 1 1 1 1 1 1 0 0 1 1 1 1 0 0 0 0 1 1 1 1 1 0
 0 0 1 1 1 1 1 1 0 0]"
3,0.746268656716418,0.5,RT,"[ 0.75964536  0.72397357  0.73169784  0.68522767  0.64203357  0.69147776
  0.70347324  0.71510647  0.68692212  0.75652095  0.71588658  0.75107904
  0.69353383  0.62327416  0.75873434  0.84233785  0.70530453  0.61346609
  0.80789359  0.63337515  0.70530992  0.67651814  0.80445361  0.89264681
  0.66559261  0.84170858  0.53387817  0.89643773  0.91388926  0.79760818
  0.59404376  0.83926062  0.58550824  0.64270484  0.85856804  0.90076543
  0.68006708  0.78354205  0.76106686  0.76011025  0.74626959  0.73713507
  0.52967911  0.51792683  0.50956439  0.51990365  0.52576096  0.5192503
  0.51868772  0.65021613  0.61695793  0.82666154  0.77244866  0.62184394
  0.80021038  0.50225331  0.50237415  0.50279816  0.50397618  0.50310124
  0.50212408  0.81394669  0.83627755  0.83841905  0.77345832  0.65479713
  0.71299584]","[1 1 1 1 0 0 0 1 1 1 1 1 1 0 1 1 1 1 1 1 1 1 1 1 1 1 1 0 1 1 1 1 1 1 0 1 1
 1 1 0 0 0 1 1 1 1 0 0 0 1 1 1 1 0 0 1 1 1 1 0 0 1 1 1 1 1 0]"
4,0.8909090909090909,0.5,RT,"[ 0.50352163  0.50393487  0.50396619  0.50363513  0.50358397  0.50373751
  0.86143448  0.80130439  0.87556911  0.88263866  0.89051899  0.83448105
  0.82072149  0.82601311  0.79529018  0.93881393  0.93923503  0.90324912
  0.84500697  0.82358073  0.80064781  0.93275038  0.91592042  0.89306655
  0.87266027  0.84216586  0.91654569  0.92146791  0.87728736  0.85896916
  0.89298674  0.91623919  0.91696246  0.87999584  0.90686675  0.50050427
  0.50047348  0.50053746  0.50051948  0.50048633  0.79377563  0.95106045
  0.95790178  0.88592712  0.9475561   0.50051925  0.5004469   0.50051213
  0.5004546   0.50049509  0.86085028  0.90760664  0.83985464  0.86070186
  0.80773145]","[1 1 1 1 1 0 1 1 1 1 1 1 1 1 1 1 1 1 1 1 1 1 1 1 1 1 1 1 1 0 1 1 1 0 0 1 1
 1 1 0 1 1 1 1 0 1 1 1 1 1 1 1 1 1 1]"
